"id","name"
1,"LUX"
2,"アジエンス"
3,"ヴォルーテ"
4,"エイチアンドエス"
5,"コラージュ"
6,"セグレタ"
7,"ツバキ"
8,"ディアボーテ"
9,"ティモテ"
10,"パンテーン"
11,"フケミン"
12,"ミノン"
13,"レヴール"
14,"海のうるおい藻"
15,"アルジェラン"
16,"ヴィダルサスーン"
17,"エッセンシャル"
18,"クリア"
19,"サンスタートニック"
20,"ダウアー"
21,"ヘアレシピ"
22,"マシェリ"
23,"メリット"
24,"モイスト・ダイアン"
25,"モッズ・ヘア"
26,"50の恵"
27,"Dove"
28,"M mark"
29,"SALA"
30,"いち髪"
31,"エルセーヴ"
32,"オクト"
33,"オレオドール"
34,"キュレル"
35,"コルル?"
36,"シーブリーズ"
37,"ジュレーム"
38,"スーパーマイルド"
39,"ソフトインワン"
40,"ナイーブ"
41,"ヌーディーオーラ"
42,"ハーバルエッセンス"
43,"パックスナチュロン"
44,"ハニーチェ"
45,"ピュアナチュラル"
46,"フレッシィ"
47,"ベーネ"
48,"ベネフィーク"
49,"ミヨシ無添加シリーズ"
50,"メディクイック"
51,"ルベル"
52,"ルンタ"
53,"ロティス"
54,"黒ばら"
55,"大島椿"
56,"サナ"
57,"水分ヘアパック"
58,"カウブランド"
59,"馬油"
60,"リアップリジェンヌ"
61,"シュワルツコフプロフェッショナル"
62,"ラサーナ"
